clusters,avgRatingCount,avgRatingCount2
1,867715.39534883725,877154.5116279069
2,27088.28010139417,55950.03168567807
3,1830578.9615384615,1882341.423076923
4,23644.94008264463,46946.28099173554
5,10960.8875,1470784.4375
6,115977.60227272728,453708.2272727273
7,21257.345646437996,50634.3746701847
8,3651.9733333333334,2644832.0933333333
