clusters,avgReviews,avgReviews2
1,21819.162790697676,25640.232558139534
2,1063.2192648922687,2326.420785804816
3,50956.92307692308,61727.88461538462
4,950.5805785123966,1875.940082644628
5,445.7875,33987.7
6,3754.9280303030305,14230.075757575758
7,998.335092348285,2158.208443271768
8,405.2266666666667,61946.37333333334
